24/3/2015,31/3/2015,7/4/2015,14/4/2015,21/4/2015,28/4/2015,5/5/2015,12/5/2015,19/5/2015,26/5/2015,2/6/2015,9/6/2015,16/6/2015,23/6/2015,30/6/2015,7/7/2015,14/7/2015,21/7/2015,28/7/2015,4/8/2015,11/8/2015,18/8/2015,25/8/2015,1/9/2015,8/9/2015,15/9/2015,22/9/2015
10A,7H,6A,2H,,8A,4A,3H,,5H,9A,6H,7A,,2A,10H,8H,,3A,,,5A,4H,9H,,,
7A,6H,4A,1A,,3A,8H,9H,,10A,5H,4H,6A,,1H,7H,3H,,9A,,,10H,8A,5A,,,
9H,5A,10H,7A,,2H,6A,1A,,4A,8H,10A,5H,,7H,9A,2A,,1H,,,4H,6H,8A,,,
6A,9A,2H,5A,,10A,1H,8H,,3H,7H,2A,9H,,5H,6H,10H,,8A,,,3A,1A,7A,,,
8A,3H,9A,4H,,7A,10H,6H,,1A,2A,9H,3A,,4A,8H,7H,,6A,,,1H,10A,2H,,,
4H,2A,1H,8A,,9A,3H,5A,,7A,10H,1A,2H,,8H,4A,9A,,5H,,,7H,3A,10A,,,
2H,1A,8H,3H,,5H,9A,10A,,6H,4A,8A,1H,,3A,2A,5A,,10H,,,6A,9H,4H,,,
5H,10A,7A,6H,,1H,2A,4A,,9H,3A,7H,10H,,6A,5A,1A,,4H,,,9A,2H,3H,,,
3A,4H,5H,10A,,6H,7H,2A,,8A,1H,5A,4A,,10H,3H,6H,,2H,,,8H,7A,1A,,,
1H,8H,3A,9H,,4H,5A,7H,,2H,6A,3H,8A,,9A,1A,4A,,7A,,,2A,5H,6H,,,
